Pasteuria dose (spores/mL),Metschnikowia dose (spores/mL),Replicate,Exposure date,Mortality date,Spore count date,Pasteuria spore count 1,Pasteuria spore count 2,Pasteuria spore count 3,Avg Pasteuria spore load at death (spores/mL),Metschnikowia spore count 1,Metschnikowia spore count 2,Metschnikowia spore count 3,Avg Metsch spore load at death (spores/mL),Condition of cadaver (1-3) ,Comments,Column1
0,5,A,1/23/2018,2/5/2018,NA,NA,NA,NA,NA,NA,NA,NA,NA,,,
0,5,B,1/23/2018,2/8/2018,4/26/2018,0,0,0,0,143,145,101,1296667,,,
0,5,C,1/23/2018,2/8/2018,4/26/2018,0,0,0,0,69,62,53,613333,,,
0,5,D,1/23/2018,2/13/2018,7/25/2018,0,0,0,0,0,0,0,0,,,
0,5,E,1/23/2018,NA,NA,NA,NA,NA,NA,NA,NA,NA,NA,,,
0,5,F,1/23/2018,NA,NA,NA,NA,NA,NA,NA,NA,NA,NA,,,
0,5,G,1/23/2018,NA,NA,NA,NA,NA,NA,NA,NA,NA,NA,,,
0,5,H,1/23/2018,NA,NA,NA,NA,NA,NA,NA,NA,NA,NA,,,
0,5,I,1/23/2018,NA,NA,NA,NA,NA,NA,NA,NA,NA,NA,,,
0,5,J,1/23/2018,NA,NA,NA,NA,NA,NA,NA,NA,NA,NA,,,
0,50,A,1/23/2018,2/5/2018,NA,NA,NA,NA,NA,NA,NA,NA,NA,,,
0,50,B,1/23/2018,2/6/2018,4/11/2018,0,0,0,0,84,77,105,886667,,,
0,50,C,1/23/2018,2/12/2018,11/26/2018,0,0,0,0,112,96,116,1080000,,,
0,50,D,1/23/2018,2/16/2018,11/12/2018,0,0,0,0,0,0,0,0,,,
0,50,E,1/23/2018,NA,NA,NA,NA,NA,NA,NA,NA,NA,NA,,,
0,50,F,1/23/2018,NA,NA,NA,NA,NA,NA,NA,NA,NA,NA,,,
0,50,G,1/23/2018,NA,NA,NA,NA,NA,NA,NA,NA,NA,NA,,,
0,50,H,1/23/2018,NA,NA,NA,NA,NA,NA,NA,NA,NA,NA,,,
0,50,I,1/23/2018,NA,NA,NA,NA,NA,NA,NA,NA,NA,NA,,,
0,50,J,1/23/2018,NA,NA,NA,NA,NA,NA,NA,NA,NA,NA,,,
0,250,A,1/23/2018,2/3/2018,3/28/2018,0,NA,NA,0,23,NA,NA,230000,,only 1 count bc the majority of sample was lost due to pipetting error,
0,250,B,1/23/2018,2/5/2018,3/29/2018,0,0,0,0,53,58,54,550000,,,
0,250,C,1/23/2018,2/10/2018,11/12/2018,0,0,0,0,1,2,9,40000,,,
0,250,D,1/23/2018,2/16/2018,11/27/2018,0,0,0,0,0,0,0,0,,,
0,250,E,1/23/2018,NA,NA,NA,NA,NA,NA,NA,NA,NA,NA,,,
0,250,F,1/23/2018,NA,NA,NA,NA,NA,NA,NA,NA,NA,NA,,,
0,250,G,1/23/2018,NA,NA,NA,NA,NA,NA,NA,NA,NA,NA,,,
0,250,H,1/23/2018,NA,NA,NA,NA,NA,NA,NA,NA,NA,NA,,,
0,250,I,1/23/2018,NA,NA,NA,NA,NA,NA,NA,NA,NA,NA,,,
0,250,J,1/23/2018,NA,NA,NA,NA,NA,NA,NA,NA,NA,NA,,,
0,500,A,1/23/2018,2/2/2018,3/22/2018,0,0,0,0,14,6,15,116667,,,
0,500,B,1/23/2018,2/3/2018,3/28/2018,0,0,0,0,58,52,53,543333,,,
0,500,C,1/23/2018,2/8/2018,4/26/2018,0,0,0,0,62,67,57,620000,,,
0,500,D,1/23/2018,2/9/2018,11/29/2018,0,0,0,0,158,133,106,1323333,,,
0,500,E,1/23/2018,2/9/2018,11/29/2018,0,0,0,0,80,85,61,753333,,,
0,500,F,1/23/2018,2/10/2018,7/27/2018,0,0,0,0,121,117,168,1353333,,,
0,500,G,1/23/2018,2/10/2018,7/27/2018,0,0,0,0,147,119,132,1326667,,,
0,500,H,1/23/2018,2/10/2018,11/15/2018,0,0,0,0,92,103,100,983333,,,
0,500,I,1/23/2018,NA,NA,NA,NA,NA,NA,NA,NA,NA,NA,,,
0,500,J,1/23/2018,NA,NA,NA,NA,NA,NA,NA,NA,NA,NA,,,
0,1000,A,1/23/2018,2/5/2018,3/29/2018,0,0,0,0,57,65,77,663333,,,
0,1000,B,1/23/2018,2/6/2018,4/11/2018,0,0,0,0,51,55,93,663333,,,
0,1000,C,1/23/2018,2/9/2018,5/4/2018,0,0,0,0,59,58,67,613333,,,
0,1000,D,1/23/2018,2/9/2018,11/12/2018,0,0,0,0,84,73,112,896667,,,
0,1000,E,1/23/2018,2/23/2018,12/3/2018,0,0,0,0,0,0,0,0,,,
0,1000,F,1/23/2018,2/23/2018,12/13/2018,0,0,0,0,0,0,0,0,,,
0,1000,G,1/23/2018,NA,NA,NA,NA,NA,NA,NA,NA,NA,NA,,,
0,1000,H,1/23/2018,NA,NA,NA,NA,NA,NA,NA,NA,NA,NA,,,
0,1000,I,1/23/2018,NA,NA,NA,NA,NA,NA,NA,NA,NA,NA,,,
0,1000,J,1/23/2018,2/27/2018,missing,missing,missing,missing,missing,missing,missing,missing,missing,,,
0,2000,A,1/23/2018,2/2/2018,3/22/2018,0,0,0,0,24,33,22,263333,,,
0,2000,B,1/23/2018,2/5/2018,3/29/2018,0,0,0,0,51,65,101,723333,,,
0,2000,C,1/23/2018,2/8/2018,4/27/2018,0,0,0,0,94,87,80,870000,,,
0,2000,D,1/23/2018,2/8/2018,4/27/2018,0,0,0,0,94,76,76,820000,,,
0,2000,E,1/23/2018,2/9/2018,7/18/2018,0,0,0,0,70,44,77,636667,,,
0,2000,F,1/23/2018,2/9/2018,1/3/2019,0,0,0,0,69,71,67,690000,,,
0,2000,G,1/23/2018,NA,NA,NA,NA,NA,NA,NA,NA,NA,NA,,,
0,2000,H,1/23/2018,NA,NA,NA,NA,NA,NA,NA,NA,NA,NA,,,
0,2000,I,1/23/2018,NA,NA,NA,NA,NA,NA,NA,NA,NA,NA,,,
0,2000,J,1/23/2018,NA,NA,NA,NA,NA,NA,NA,NA,NA,NA,,,
20,0,A,1/23/2018,3/12/2018,12/18/2018,48,41,70,530000,0,0,0,0,,,
20,0,B,1/23/2018,3/1/2018,1/1/2019,1,1,1,10000,0,0,0,0,,,
20,0,C,1/23/2018,NA,NA,NA,NA,NA,NA,NA,NA,NA,NA,,,
20,0,D,1/23/2018,NA,NA,NA,NA,NA,NA,NA,NA,NA,NA,,,
20,0,E,1/23/2018,NA,NA,NA,NA,NA,NA,NA,NA,NA,NA,,,
20,0,F,1/23/2018,NA,NA,NA,NA,NA,NA,NA,NA,NA,NA,,,
20,0,G,1/23/2018,NA,NA,NA,NA,NA,NA,NA,NA,NA,NA,,,
20,0,H,1/23/2018,NA,NA,NA,NA,NA,NA,NA,NA,NA,NA,,,
20,0,I,1/23/2018,3/1/2018,missing,missing,missing,missing,missing,missing,missing,missing,missing,,,
20,0,J,1/23/2018,3/12/2018,missing,missing,missing,missing,missing,missing,missing,missing,missing,,,
20,5,A,1/23/2018,1/30/2018,NA,NA,NA,NA,NA,NA,NA,NA,NA,,,
20,5,B,1/23/2018,2/5/2018,4/4/2018,0,0,0,0,73,66,70,696667,,,
20,5,C,1/23/2018,2/16/2018,11/16/2018,0,0,0,0,0,0,0,0,,,
20,5,D,1/23/2018,2/16/2018,11/28/2018,10,0,2,40000,0,0,0,0,,,
20,5,E,1/23/2018,2/23/2018,2/25/2018,0,0,0,0,0,0,0,0,,,
20,5,F,1/23/2018,2/25/2018,missing,missing,missing,missing,missing,missing,missing,missing,missing,,,
20,5,G,1/23/2018,NA,NA,NA,NA,NA,NA,NA,NA,NA,NA,,,
20,5,H,1/23/2018,NA,NA,NA,NA,NA,NA,NA,NA,NA,NA,,,
20,5,I,1/23/2018,NA,NA,NA,NA,NA,NA,NA,NA,NA,NA,,,
20,5,J,1/23/2018,NA,NA,NA,NA,NA,NA,NA,NA,NA,NA,,,
20,50,A,1/23/2018,2/8/2018,4/26/2018,0,0,0,0,87,87,96,900000,,,
20,50,B,1/23/2018,2/16/2018,11/28/2019,181,163,362,2353333,0,0,0,0,,,
20,50,C,1/23/2018,2/17/2018,11/27/2018,63,43,58,546667,0,0,0,0,,,
20,50,D,1/23/2018,2/23/2018,missing,missing,missing,missing,missing,missing,missing,missing,missing,,,
20,50,E,1/23/2018,2/25/2018,12/3/2018,0,0,0,0,0,0,0,0,,,
20,50,F,1/23/2018,2/23/2018,missing,missing,missing,missing,missing,missing,missing,missing,missing,,,
20,50,G,1/23/2018,NA,NA,NA,NA,NA,NA,NA,NA,NA,NA,,,
20,50,H,1/23/2018,NA,NA,NA,NA,NA,NA,NA,NA,NA,NA,,,
20,50,I,1/23/2018,NA,NA,NA,NA,NA,NA,NA,NA,NA,NA,,,
20,50,J,1/23/2018,NA,NA,NA,NA,NA,NA,NA,NA,NA,NA,,,
20,250,A,1/23/2018,2/5/2018,4/4/2018,0,0,0,0,70,85,92,823333,,,
20,250,B,1/23/2018,2/5/2018,3/29/2018,0,0,0,0,162,129,166,1523333,,,
20,250,C,1/23/2018,2/9/2018,1/12/2019,15,0,6,70000,65,12,15,306667,,,
20,250,D,1/23/2018,2/10/2018,12/17/2018,0,0,0,0,94,76,83,843333,,,
20,250,E,1/23/2018,2/10/2018,11/12/2018,48,41,48,456667,138,159,163,1533333,,,
20,250,F,1/23/2018,2/23/2018,12/3/2018,0,0,0,0,0,0,0,0,,,
20,250,G,1/23/2018,2/25/2018,12/21/2018,41,49,48,460000,0,0,0,0,,,
20,250,H,1/23/2018,NA,NA,NA,NA,NA,NA,NA,NA,NA,NA,,,
20,250,I,1/23/2018,NA,NA,NA,NA,NA,NA,NA,NA,NA,NA,,,
20,250,J,1/23/2018,NA,NA,NA,NA,NA,NA,NA,NA,NA,NA,,,
20,500,A,1/23/2018,2/3/2018,3/28/2018,0,0,0,0,52,43,41,453333,,,
20,500,B,1/23/2018,2/6/2018,4/11/2018,0,0,0,0,59,47,58,546667,,,
20,500,C,1/23/2018,2/9/2018,11/26/2018,0,0,0,0,81,80,82,810000,,,
20,500,D,1/23/2018,2/9/2018,12/17/2018,45,36,54,450000,63,85,120,893333,,,
20,500,E,1/23/2018,2/12/2018,11/15/2018,0,0,0,0,138,141,129,1360000,,,
20,500,F,1/23/2018,2/23/2018,12/3/2018,51,43,56,500000,0,0,0,0,,,
20,500,G,1/23/2018,2/19/2018,12/4/2018,54,57,54,550000,0,0,0,0,,,
20,500,H,1/23/2018,2/25/2018,missing,missing,missing,missing,missing,missing,missing,missing,missing,,,
20,500,I,1/23/2018,NA,NA,NA,NA,NA,NA,NA,NA,NA,NA,,,
20,500,J,1/23/2018,2/27/2018,missing,missing,missing,missing,missing,missing,missing,missing,missing,,,
20,1000,A,1/23/2018,2/3/2018,3/28/2018,0,0,0,0,34,51,52,456667,,used dirty pestle,
20,1000,B,1/23/2018,2/9/2018,11/26/2018,0,0,0,0,116,114,97,1090000,,,
20,1000,C,1/23/2018,2/9/2018,11/29/2018,0,0,0,0,96,75,87,860000,,,
20,1000,D,1/23/2018,2/10/2018,11/29/2018,0,0,0,0,78,73,97,826667,,,
20,1000,E,1/23/2018,2/12/2018,1/14/2018,0,0,0,0,91,95,94,933333,,,
20,1000,F,1/23/2018,2/17/2018,11/13/2018,0,0,0,0,40,1,0,136667,,,
20,1000,G,1/23/2018,2/19/2018,1/1/2019,416,380,400,3986667,0,0,0,0,,,
20,1000,H,1/23/2018,NA,NA,NA,NA,NA,NA,NA,NA,NA,NA,,,
20,1000,I,1/23/2018,NA,NA,NA,NA,NA,NA,NA,NA,NA,NA,,,
20,1000,J,1/23/2018,3/4/2018,missing,missing,missing,missing,missing,missing,missing,missing,missing,,,
20,2000,A,1/23/2018,2/2/2018,3/22/2018,0,0,0,0,44,48,45,456667,,,
20,2000,B,1/23/2018,2/6/2018,4/12/2018,0,0,0,0,112,94,97,1010000,,,
20,2000,C,1/23/2018,2/8/2018,4/26/2018,0,0,0,0,102,81,88,903333,,,
20,2000,D,1/23/2018,2/10/2018,11/26/2018,0,0,0,0,81,84,NA,825000,,,
20,2000,E,1/23/2018,2/10/2018,11/26/2018,0,0,0,0,94,95,78,890000,,,
20,2000,F,1/23/2018,2/10/2018,12/17/2019,0,0,0,0,102,92,100,980000,,,
20,2000,G,1/23/2018,NA,NA,NA,NA,NA,NA,NA,NA,NA,NA,,,
20,2000,H,1/23/2018,NA,NA,NA,NA,NA,NA,NA,NA,NA,NA,,,
20,2000,I,1/23/2018,NA,NA,NA,NA,NA,NA,NA,NA,NA,NA,,,
20,2000,J,1/23/2018,NA,NA,NA,NA,NA,NA,NA,NA,NA,NA,,,
200,0,A,1/23/2018,2/15/2018,12/13/2018,80,96,76,840000,0,0,0,0,,,
200,0,B,1/23/2018,2/17/2018,11/28/2018,13,5,33,170000,0,0,0,0,,,
200,0,C,1/23/2018,3/5/2018,12/21/2018,13,10,13,120000,0,0,0,0,,,
200,0,D,1/23/2018,3/21/2018,1/1/2019,401,119,213,2443333,0,0,0,0,,,
200,0,E,1/23/2018,3/21/2018,1/1/2019,21,17,NA,190000,0,0,NA,0,,,
200,0,F,1/23/2018,NA,NA,NA,NA,NA,NA,NA,NA,NA,NA,,,
200,0,G,1/23/2018,NA,NA,NA,NA,NA,NA,NA,NA,NA,NA,,,
200,0,H,1/23/2018,3/4/2018,missing,missing,missing,missing,missing,missing,missing,missing,missing,,,
200,0,I,1/23/2018,3/21/2018,missing,missing,missing,missing,missing,missing,missing,missing,missing,,,
200,0,J,1/23/2018,3/21/2018,missing,missing,missing,missing,missing,missing,missing,missing,missing,,,
200,5,A,1/23/2018,2/23/2018,12/18/2018,0,0,0,0,3,3,0,20000,,,
200,5,B,1/23/2018,3/6/2018,12/21/2018,12,11,8,103333,0,0,0,0,,,
200,5,C,1/23/2018,NA,NA,NA,NA,NA,NA,NA,NA,NA,NA,,,
200,5,D,1/23/2018,NA,NA,NA,NA,NA,NA,NA,NA,NA,NA,,,
200,5,E,1/23/2018,NA,NA,NA,NA,NA,NA,NA,NA,NA,NA,,,
200,5,F,1/23/2018,NA,NA,NA,NA,NA,NA,NA,NA,NA,NA,,,
200,5,G,1/23/2018,NA,NA,NA,NA,NA,NA,NA,NA,NA,NA,,,
200,5,H,1/23/2018,NA,NA,NA,NA,NA,NA,NA,NA,NA,NA,,,
200,5,I,1/23/2018,3/6/2018,missing,missing,missing,missing,missing,missing,missing,missing,missing,,,
200,5,J,1/23/2018,3/21/2018,missing,missing,missing,missing,missing,missing,missing,missing,missing,,,
200,50,A,1/23/2018,2/6/2018,4/11/2018,0,0,0,0,74,69,73,720000,,,
200,50,B,1/23/2018,2/7/2018,4/12/2018,0,0,0,0,112,131,142,1283333,,,
200,50,C,1/23/2018,2/8/2018,4/26/2018,0,0,0,0,73,102,82,856667,,,
200,50,D,1/23/2018,2/15/2018,1/3/2019,0,0,0,0,0,0,0,0,,,
200,50,E,1/23/2018,2/27/2018,12/13/2018,0,3,2,16667,0,0,0,0,,,
200,50,F,1/23/2018,2/10/2018,1/17/2019,0,0,0,0,92,78,87,856667,,,
200,50,G,1/23/2018,2/25/2018,12/18/2018,17,17,23,190000,0,0,0,0,,,
200,50,H,1/23/2018,NA,NA,NA,NA,NA,NA,NA,NA,NA,NA,,,
200,50,I,1/23/2018,NA,NA,NA,NA,NA,NA,NA,NA,NA,NA,,,
200,50,J,1/23/2018,missing,,,,,,,,,,,,
200,250,A,1/23/2018,2/2/2018,3/22/2018,0,0,0,0,50,54,50,513333,,,
200,250,B,1/23/2018,2/6/2018,4/11/2018,0,0,0,0,192,196,NA,1940000,,only 2 counts because some of the slurry was lost due to pipetting error,
200,250,C,1/23/2018,2/7/2018,4/12/2018,0,0,0,0,120,136,137,1310000,, ,
200,250,D,1/23/2018,2/8/2018,4/26/2018,0,0,0,0,87,80,79,820000,,,
200,250,E,1/23/2018,NA,NA,NA,NA,NA,NA,NA,NA,NA,NA,,,
200,250,F,1/23/2018,NA,NA,NA,NA,NA,NA,NA,NA,NA,NA,,,
200,250,G,1/23/2018,NA,NA,NA,NA,NA,NA,NA,NA,NA,NA,,,
200,250,H,1/23/2018,NA,NA,NA,NA,NA,NA,NA,NA,NA,NA,,,
200,250,I,1/23/2018,missing,,,,,,,,,,,,
200,250,J,1/23/2018,missing,,,,,,,,,,,,
200,500,A,1/23/2018,2/5/2018,3/28/2018,0,0,0,0,91,74,67,773333,,,
200,500,B,1/23/2018,2/5/2018,3/29/2018,0,0,0,0,128,103,119,1166667,,,
200,500,C,1/23/2018,2/5/2018,3/29/2018,0,0,0,0,83,67,105,850000,,,
200,500,D,1/23/2018,2/5/2018,3/29/2018,0,0,0,0,110,80,90,933333,,,
200,500,E,1/23/2018,2/8/2018,4/26/2018,0,0,0,0,18,20,25,210000,,,
200,500,F,1/23/2018,2/10/2018,11/15/2018,0,0,0,0,121,140,143,1346667,,,
200,500,G,1/23/2018,2/10/2018,11/16/2018,0,0,0,0,94,122,118,1113333,,,
200,500,H,1/23/2018,2/10/2018,1/14/2018,0,0,0,0,101,98,109,1026667,,,
200,500,I,1/23/2018,2/12/2018,1/12/2018,0,0,0,0,131,92,108,1103333,,,
200,500,J,1/23/2018,2/9/2018,11/26/2018,2,3,1,20000,111,108,119,1126667,,,
200,1000,A,1/23/2018,2/3/2018,3/28/2018,0,0,0,0,48,47,48,476667,,,
200,1000,B,1/23/2018,2/3/2018,3/28/2018,0,0,0,0,45,58,44,490000,,,
200,1000,C,1/23/2018,2/5/2018,3/29/2018,0,0,0,0,72,51,69,640000,,,
200,1000,D,1/23/2018,2/7/2018,4/26/2018,0,0,0,0,48,50,NA,490000,,,
200,1000,E,1/23/2018,2/10/2018,11/16/2018,11,19,15,150000,82,78,9,563333,,,
200,1000,F,1/23/2018,2/10/2018,11/30/2018,2,2,7,36667,106,113,137,1186667,,,
200,1000,G,1/23/2018,2/10/2018,1/12/2018,15,11,10,120000,115,144,132,1303333,,,
200,1000,H,1/23/2018,2/12/2018,7/25/2018,38,33,52,410000,63,63,66,640000,,,
200,1000,I,1/23/2018,2/12/2018,11/30/2019,14,39,11,213333,153,149,180,1606667,,,
200,1000,J,1/23/2018,2/16/2018,missing,missing,missing,missing,missing,missing,missing,missing,missing,,,
200,2000,A,1/23/2018,2/2/2018,NA,NA,NA,NA,NA,NA,NA,NA,NA,,,
200,2000,B,1/23/2018,2/5/2018,3/29/2018,0,0,0,0,80,77,77,780000,,,
200,2000,C,1/23/2018,2/5/2018,NA,NA,NA,NA,NA,NA,NA,NA,NA,,,
200,2000,D,1/23/2018,2/9/2018,11/28/2019,2,2,2,20000,100,80,97,923333,,,
200,2000,E,1/23/2018,2/10/2018,11/30/2018,1,1,0,6667,84,76,89,830000,,,
200,2000,F,1/23/2018,2/10/2018,1/12/2018,5,0,0,16667,76,81,94,836667,,,
200,2000,G,1/23/2018,2/10/2018,1/14/2018,0,0,0,0,93,105,107,1016667,,,
200,2000,H,1/23/2018,3/1/2018,12/4/2018,1,0,0,3333,0,0,0,0,,,
200,2000,I,1/23/2018,NA,NA,NA,NA,NA,NA,NA,NA,NA,NA,,,
200,2000,J,1/23/2018,3/1/2018,missing,missing,missing,missing,missing,missing,missing,missing,missing,,,
1000,0,A,1/23/2018,3/6/2018,11/30/2018,6,12,16,113333,0,0,0,0,,,
1000,0,B,1/23/2018,3/1/2018,12/6/2018,10,12,10,106667,0,0,0,0,,,
1000,0,C,1/23/2018,2/19/2018,12/6/2018,405,322,401,3760000,0,0,0,0,,,
1000,0,D,1/23/2018,3/4/2018,12/13/2018,1,0,0,3333,0,0,0,0,,,
1000,0,E,1/23/2018,NA,NA,NA,NA,NA,NA,NA,NA,NA,NA,,,
1000,0,F,1/23/2018,NA,NA,NA,NA,NA,NA,NA,NA,NA,NA,,,
1000,0,G,1/23/2018,NA,NA,NA,NA,NA,NA,NA,NA,NA,NA,,,
1000,0,H,1/23/2018,NA,NA,NA,NA,NA,NA,NA,NA,NA,NA,,,
1000,0,I,1/23/2018,NA,NA,NA,NA,NA,NA,NA,NA,NA,NA,,,
1000,0,J,1/23/2018,NA,NA,NA,NA,NA,NA,NA,NA,NA,NA,,,
1000,5,A,1/23/2018,2/9/2018,5/4/2018,0,0,0,0,126,109,108,1143333,,,
1000,5,B,1/23/2018,2/9/2018,11/26/2018,13,17,11,136667,107,106,100,1043333,,,
1000,5,C,1/23/2018,2/16/2018,12/13/2018,64,60,47,570000,0,0,0,0,,,
1000,5,D,1/23/2018,3/7/2018,11/30/2018,2,2,0,13333,0,0,0,0,,,
1000,5,E,1/23/2018,2/25/2018,12/18/2019,0,0,0,0,0,0,0,0,,,
1000,5,F,1/23/2018,NA,NA,NA,NA,NA,NA,NA,NA,NA,NA,,,
1000,5,G,1/23/2018,NA,NA,NA,NA,NA,NA,NA,NA,NA,NA,,,
1000,5,H,1/23/2018,NA,NA,NA,NA,NA,NA,NA,NA,NA,NA,,,
1000,5,I,1/23/2018,NA,NA,NA,NA,NA,NA,NA,NA,NA,NA,,,
1000,5,J,1/23/2018,NA,NA,NA,NA,NA,NA,NA,NA,NA,NA,,,
1000,50,A,1/23/2018,2/6/2018,4/11/2018,0,0,0,0,0,1,0,3333,,,
1000,50,B,1/23/2018,2/9/2018,11/29/2018,0,0,0,0,112,104,98,1046667,,,
1000,50,C,1/23/2018,2/10/2018,1/3/2019,0,0,0,0,77,76,100,843333,,,
1000,50,D,1/23/2018,2/12/2018,1/17/2019,0,0,0,0,88,93,105,953333,,,
1000,50,E,1/23/2018,2/27/2018,12/3/2018,0,0,0,0,0,0,0,0,,,
1000,50,F,1/23/2018,3/21/2018,12/21/2018,90,96,102,960000,0,0,0,0,,,
1000,50,G,1/23/2018,NA,NA,NA,NA,NA,NA,NA,NA,NA,NA,,,
1000,50,H,1/23/2018,NA,NA,NA,NA,NA,NA,NA,NA,NA,NA,,,
1000,50,I,1/23/2018,NA,NA,NA,NA,NA,NA,NA,NA,NA,NA,,,
1000,50,J,1/23/2018,NA,NA,NA,NA,NA,NA,NA,NA,NA,NA,,,
1000,250,A,1/23/2018,1/25/2018,NA,NA,NA,NA,NA,NA,NA,NA,NA,,,
1000,250,B,1/23/2018,2/6/2018,4/11/2018,0,0,0,0,50,62,62,580000,,,
1000,250,C,1/23/2018,2/6/2018,4/11/2018,0,0,0,0,0,3,1,13333,,,
1000,250,D,1/23/2018,2/9/2018,1/12/2019,0,0,0,0,62,55,65,606667,,,
1000,250,E,1/23/2018,2/10/2018,4/27/2018,10,8,7,83333,109,73,98,933333,,,
1000,250,F,1/23/2018,2/10/2018,4/27/2018,5,3,7,50000,92,104,133,1096667,,,
1000,250,G,1/23/2018,2/27/2018,12/21/2018,27,39,89,516667,0,0,0,0,,,
1000,250,H,1/23/2018,NA,NA,NA,NA,NA,NA,NA,NA,NA,NA,,,
1000,250,I,1/23/2018,NA,NA,NA,NA,NA,NA,NA,NA,NA,NA,,,
1000,250,J,1/23/2018,NA,NA,NA,NA,NA,NA,NA,NA,NA,NA,,,
1000,500,A,1/23/2018,2/5/2018,4/4/2018,0,0,0,0,67,72,98,790000,,,
1000,500,B,1/23/2018,2/8/2018,4/26/2018,0,0,0,0,68,69,NA,685000,,,
1000,500,C,1/23/2018,2/8/2018,4/27/2018,0,0,0,0,46,49,61,520000,,,
1000,500,D,1/23/2018,2/9/2018,11/29/2018,0,0,0,0,69,72,56,656667,,,
1000,500,E,1/23/2018,2/9/2018,missing,missing,missing,missing,missing,missing,missing,missing,missing,,,
1000,500,F,1/23/2018,2/12/2018,11/16/2018,0,0,0,0,2,1,9,40000,,,
1000,500,G,1/23/2018,2/25/2018,12/4/2018,0,0,0,0,0,0,0,0,,,
1000,500,H,1/23/2018,NA,NA,NA,NA,NA,NA,NA,NA,NA,NA,,,
1000,500,I,1/23/2018,NA,NA,NA,NA,NA,NA,NA,NA,NA,NA,,,
1000,500,J,1/23/2018,NA,NA,NA,NA,NA,NA,NA,NA,NA,NA,,,
1000,1000,A,1/23/2018,2/6/2018,4/12/2018,0,0,0,0,63,61,68,640000,,,
1000,1000,B,1/23/2018,2/9/2018,12/17/2018,0,0,0,0,84,74,140,993333,,,
1000,1000,C,1/23/2018,2/9/2018,1/3/2019,0,1,1,6667,66,67,82,716667,,,
1000,1000,D,1/23/2018,2/9/2018,1/17/2019,0,0,0,0,83,70,77,766667,,,
1000,1000,E,1/23/2018,2/9/2018,missing,missing,missing,missing,missing,missing,missing,missing,missing,,,
1000,1000,F,1/23/2018,2/10/2018,7/25/2018,0,0,0,0,115,119,114,1160000,,,
1000,1000,G,1/23/2018,2/16/2018,11/27/2018,333,368,305,3353333,0,0,0,0,,,
1000,1000,H,1/23/2018,2/9/2018,12/18/2018,0,0,0,0,127,85,na,1060000,,,
1000,1000,I,1/23/2018,2/25/2018,1/1/2019,73,81,NA,770000,0,0,,0,,,
1000,1000,J,1/23/2018,missing,,,,,,,,,,,,
1000,2000,A,1/23/2018,2/2/2018,3/28/2018,0,0,0,0,33,44,28,350000,,,
1000,2000,B,1/23/2018,2/5/2018,4/4/2018,0,0,0,0,44,50,50,480000,,,
1000,2000,C,1/23/2018,2/8/2018,4/26/2018,0,0,0,0,86,101,89,920000,,,
1000,2000,D,1/23/2018,2/10/2018,7/27/2018,0,0,0,0,81,96,81,860000,,,
1000,2000,E,1/23/2018,2/10/2018,11/29/2018,0,0,0,0,72,65,65,673333,,,
1000,2000,F,1/23/2018,2/10/2018,11/29/2018,0,0,0,0,111,115,104,1100000,,,
1000,2000,G,1/23/2018,2/20/2018,12/13/2018,17,23,17,190000,0,0,0,0,,,
1000,2000,H,1/23/2018,NA,NA,NA,NA,NA,NA,NA,NA,NA,NA,,,
1000,2000,I,1/23/2018,NA,NA,NA,NA,NA,NA,NA,NA,NA,NA,,,
1000,2000,J,1/23/2018,NA,NA,NA,NA,NA,NA,NA,NA,NA,NA,,,
2000,0,A,1/23/2018,2/14/2018,11/15/2018,197,194,230,2070000,0,0,0,0,,,
2000,0,B,1/23/2018,2/14/2018,11/16/2018,229,204,188,2070000,0,0,0,0,,,
2000,0,C,1/23/2018,2/16/2018,11/15/2018,0,0,0,0,0,0,0,0,,,
2000,0,D,1/23/2018,2/16/2018,11/27/2018,0,0,0,0,0,0,0,0,,,
2000,0,E,1/23/2018,2/16/2018,NA,NA,NA,NA,NA,NA,NA,NA,NA,,,
2000,0,F,1/23/2018,2/23/2018,12/6/2018,290,300,289,2930000,0,0,0,0,,,
2000,0,G,1/23/2018,2/20/2018,missing,missing,missing,missing,missing,missing,missing,missing,missing,,,
2000,0,H,1/23/2018,2/23/2018,12/6/2018,290,300,289,2930000,0,0,0,0,,,
2000,0,I,1/23/2018,NA,NA,NA,NA,NA,NA,NA,NA,NA,NA,,,
2000,0,J,1/23/2018,NA,NA,NA,NA,NA,NA,NA,NA,NA,NA,,,
2000,5,A,1/23/2018,2/15/2018,11/27/2018,117,123,108,1160000,0,0,0,0,,,
2000,5,B,1/23/2018,2/17/2018,11/28/2018,126,130,148,1346667,0,0,0,0,,,
2000,5,C,1/23/2018,2/19/2018,12/3/2018,13,4,4,70000,0,0,0,0,,,
2000,5,D,1/23/2018,2/27/2018,12/4/2018,12,11,9,106667,0,0,0,0,,,
2000,5,E,1/23/2018,2/23/2018,12/4/2018,38,37,57,440000,,,,#DIV/0!,,,
2000,5,F,1/23/2018,2/23/2018,1/1/2019,0,0,0,0,0,0,0,0,,,
2000,5,G,1/23/2018,NA,NA,NA,NA,NA,NA,NA,NA,NA,NA,,,
2000,5,H,1/23/2018,NA,NA,NA,NA,NA,NA,NA,NA,NA,NA,,,
2000,5,I,1/23/2018,NA,NA,NA,NA,NA,NA,NA,NA,NA,NA,,,
2000,5,J,1/23/2018,2/27/2018,missing,missing,missing,missing,missing,missing,missing,missing,missing,,hardcopy missing,
2000,50,A,1/23/2018,2/2/2018,3/28/2018,0,0,0,0,3,0,5,26667,,counted immature spores ,
2000,50,B,1/23/2018,2/3/2018,3/28/2018,0,0,0,0,27,42,37,353333,,,
2000,50,C,1/23/2018,2/9/2018,11/19/2018,0,0,0,0,113,103,NA,1080000,,,
2000,50,D,1/23/2018,2/16/2018,1/3/2018,189,168,182,1796667,0,0,0,0,,,
2000,50,E,1/23/2018,2/16/2018,missing,missing,missing,missing,missing,missing,missing,missing,missing,,,
2000,50,F,1/23/2018,3/12/2018,12/21/2018,7,4,0,36667,0,0,0,0,,,
2000,50,G,1/23/2018,2/23/2018,12/21/2018,224,265,250,2463333,0,0,0,0,,,
2000,50,H,1/23/2018,3/12/2018,12/21/2018,21,17,18,186667,0,0,0,0,,,
2000,50,I,1/23/2018,2/23/2018,1/1/2019,7,NA,12,95000,0,0,0,0,,,
2000,50,J,1/23/2018,missing,,,,,,,,,,,,
2000,250,A,1/23/2018,2/3/2018,3/28/2018,0,0,0,0,53,59,50,540000,,,
2000,250,B,1/23/2018,2/5/2018,4/10/2018,0,0,0,0,59,42,64,550000,,all counts from 4/10/18 used 7.97 uL sample volume instead of the usual 10 uL,
2000,250,C,1/23/2018,2/6/2018,Missing,Missing,Missing,Missing,Missing,Missing,Missing,Missing,Missing,,,
2000,250,D,1/23/2018,2/8/2018,7/27/2018,0,0,0,0,113,123,113,1163333,,,
2000,250,E,1/23/2018,2/10/2018,1/3/2019,0,0,0,0,70,83,88,803333,,,
2000,250,F,1/23/2018,2/10/2018,11/26/2018,8,6,7,70000,108,87,114,1030000,,,
2000,250,G,1/23/2018,2/10/2018,12/3/2018,0,0,0,0,1,0,0,3333,,,
2000,250,H,1/23/2018,2/12/2018,7/25/2018,0,0,0,0,177,164,134,1583333,,,
2000,250,I,1/23/2018,2/12/2018,11/13/2018,0,0,0,0,99,136,118,1176667,,,
2000,250,J,1/23/2018,2/13/2018,missing,missing,missing,missing,missing,missing,missing,missing,missing,,,
2000,500,A,1/23/2018,2/2/2018,3/22/2018,0,0,0,0,33,25,43,336667,,,
2000,500,B,1/23/2018,2/5/2018,4/4/2018,0,0,0,0,93,120,131,1146667,,,
2000,500,C,1/23/2018,2/5/2018,4/10/2018,0,0,0,0,57,46,83,620000,,all counts from 4/10/18 used 7.97 uL sample volume instead of the usual 10 uL,
2000,500,D,1/23/2018,2/5/2018,4/10/2018,0,0,0,0,55,50,65,566667,,all counts from 4/10/18 used 7.97 uL sample volume instead of the usual 10 uL,
2000,500,E,1/23/2018,2/8/2018,4/27/2018,0,0,0,0,117,88,110,1050000,,,
2000,500,F,1/23/2018,2/9/2018,7/17/2018,0,0,0,0,241,132,140,1710000,,,
2000,500,G,1/23/2018,2/9/2018,11/29/2018,15,31,5,170000,85,105,105,983333,,,
2000,500,H,1/23/2018,2/12/2018,1/12/2019,10,9,11,100000,151,121,125,1323333,,,
2000,500,I,1/23/2018,2/23/2018,missing,missing,missing,missing,missing,missing,missing,missing,missing,,,
2000,500,J,1/23/2018,missing,,,,,,,,,,,,
2000,1000,A,1/23/2018,2/2/2018,3/22/2018,0,0,0,0,39,35,40,380000,,,
2000,1000,B,1/23/2018,2/8/2018,4/27/2018,0,0,0,0,101,106,110,1056667,,,
2000,1000,C,1/23/2018,2/9/2018,11/9/2018,0,0,0,0,70,84,102,853333,,,
2000,1000,D,1/23/2018,2/9/2018,12/17/2018,0,0,0,0,114,124,114,1173333,,,
2000,1000,E,1/23/2018,2/9/2018,missing,missing,missing,missing,missing,missing,missing,missing,missing,,,
2000,1000,F,1/23/2018,2/9/2018,1/14/2019,39,45,31,383333,101,114,79,980000,,,
2000,1000,G,1/23/2018,2/9/2018,1/17/2019,0,1,0,3333,61,57,62,600000,,,
2000,1000,H,1/23/2018,2/10/2018,11/9/2018,0,0,0,0,91,88,92,903333,,,
2000,1000,I,1/23/2018,2/10/2018,12/17/2018,0,0,0,0,106,123,109,1126667,,,
2000,1000,J,1/23/2018,2/10/2018,12/17/2018,0,0,0,0,144,132,136,1373333,,,
2000,2000,A,1/23/2018,2/2/2018,NA,NA,NA,NA,NA,NA,NA,NA,NA,,,
2000,2000,B,1/23/2018,2/5/2018,4/4/2018,0,0,0,0,68,60,62,633333,,,
2000,2000,C,1/23/2018,2/5/2018,4/10/2018,0,0,0,0,46,63,60,563333,,all counts from 4/10/18 used 7.97 uL sample volume instead of the usual 10 uL,
2000,2000,D,1/23/2018,2/7/2018,4/12/2018,0,0,0,0,83,79,105,890000,,,
2000,2000,E,1/23/2018,2/9/2018,7/27/2019,0,0,0,0,109,125,142,1253333,,,
2000,2000,F,1/23/2018,2/9/2018,5/4/2018,0,0,0,0,152,144,155,1503333,,,
2000,2000,G,1/23/2018,2/10/2018,12/17/2018,0,0,0,0,127,148,114,1296667,,,
2000,2000,H,1/23/2018,2/10/2018,12/17/2019,0,0,0,0,83,97,83,876667,,,
2000,2000,I,1/23/2018,2/15/2018,11/13/2018,115,106,97,1060000,0,0,0,0,,,
2000,2000,J,1/23/2018,NA,NA,NA,NA,NA,NA,NA,NA,NA,NA,,,
4000,0,A,1/23/2018,2/2/2018,NA,NA,NA,NA,NA,NA,NA,NA,NA,,,
4000,0,B,1/23/2018,2/16/2018,11/27/2018,0,0,0,0,0,0,0,0,,,
4000,0,C,1/23/2018,3/9/2018,11/30/2018,14,13,15,140000,0,0,0,0,,,
4000,0,D,1/23/2018,2/27/2018,12/21/2018,51,74,51,586667,0,0,0,0,,,
4000,0,E,1/23/2018,2/19/2018,12/21/2018,76,65,62,676667,0,0,0,0,,,
4000,0,F,1/23/2018,2/25/2018,1/1/2019,20,13,11,146667,0,0,0,0,,,
4000,0,G,1/23/2018,NA,NA,NA,NA,NA,NA,NA,NA,NA,NA,,,
4000,0,H,1/23/2018,NA,NA,NA,NA,NA,NA,NA,NA,NA,NA,,,
4000,0,I,1/23/2018,NA,NA,NA,NA,NA,NA,NA,NA,NA,NA,,,
4000,0,J,1/23/2018,NA,NA,NA,NA,NA,NA,NA,NA,NA,NA,,,
4000,5,A,1/23/2018,2/2/2018,NA,NA,NA,NA,NA,NA,NA,NA,NA,,,
4000,5,B,1/23/2018,2/9/2018,missing,missing,missing,missing,missing,missing,missing,missing,missing,,,
4000,5,C,1/23/2018,2/13/2018,11/16/2019,0,0,0,0,125,113,110,1160000,,,
4000,5,D,1/23/2018,2/17/2018,11/28/2018,264,278,263,2683333,0,0,0,0,,,
4000,5,E,1/23/2018,2/19/2018,12/13/2019,1,0,0,3333,0,0,0,0,,,
4000,5,F,1/23/2018,2/23/2018,missing,missing,missing,missing,missing,missing,missing,missing,missing,,,
4000,5,G,1/23/2018,NA,NA,NA,NA,NA,NA,NA,NA,NA,NA,,,
4000,5,H,1/23/2018,NA,NA,NA,NA,NA,NA,NA,NA,NA,NA,,,
4000,5,I,1/23/2018,3/21/2018,missing,missing,missing,missing,missing,missing,missing,missing,missing,,,
4000,5,J,1/23/2018,3/21/2018,missing,missing,missing,missing,missing,missing,missing,missing,missing,,,
4000,50,A,1/23/2018,2/2/2018,3/22/2018,0,0,0,0,34,28,33,316667,,,
4000,50,B,1/23/2018,2/10/2018,missing,missing,missing,missing,missing,missing,missing,missing,missing,,,
4000,50,C,1/23/2018,2/15/2018,11/13/2018,202,186,174,1873333,0,0,0,0,,,
4000,50,D,1/23/2018,2/16/2018,11/28/2019,166,160,149,1583333,0,0,0,0,,,
4000,50,E,1/23/2018,2/9/2018,1/12/2018,0,0,0,0,78,147,110,1116667,,,
4000,50,F,1/23/2018,3/12/2018,12/4/2018,3,12,7,73333,0,0,0,0,,,
4000,50,G,1/23/2018,2/17/2018,12/21/2018,109,54,41,680000,0,0,0,0,,,
4000,50,H,1/23/2018,NA,NA,NA,NA,NA,NA,NA,NA,NA,NA,,,
4000,50,I,1/23/2018,NA,NA,NA,NA,NA,NA,NA,NA,NA,NA,,,
4000,50,J,1/23/2018,missing,,,,,,,,,,,,
4000,250,A,1/23/2018,2/2/2018,3/22/2018,0,0,0,0,58,40,54,506667,,,
4000,250,B,1/23/2018,2/8/2018,11/9/2018,5,3,6,46667,134,99,178,1370000,,,
4000,250,C,1/23/2018,2/8/2018,4/27/2018,0,0,0,0,145,146,129,1400000,,,
4000,250,D,1/23/2018,2/9/2018,12/18/2019,0,0,0,0,60,54,81,650000,,,
4000,250,E,1/23/2018,2/10/2018,5/4/2018,0,0,0,0,122,109,NA,1155000,,,
4000,250,F,1/23/2018,2/10/2018,7/18/2018,0,0,0,0,124,133,120,1256667,,,
4000,250,G,1/23/2018,2/10/2018,7/18/2018,30,24,23,256667,89,134,117,1133333,,,
4000,250,H,1/23/2018,2/10/2018,7/27/2018,0,0,0,0,87,72,84,810000,,,
4000,250,I,1/23/2018,2/13/2018,11/16/2018,0,0,0,0,122,95,136,1176667,,,
4000,250,J,1/23/2018,2/15/2018,11/15/2018,351,373,392,3720000,0,0,0,0,,,
4000,500,A,1/23/2018,2/3/2018,3/28/2018,0,0,0,0,36,37,35,360000,,,
4000,500,B,1/23/2018,2/8/2018,7/18/2018,0,0,0,0,160,155,161,1586667,,,
4000,500,C,1/23/2018,2/9/2018,7/18/2019,0,0,0,0,122,135,117,1246667,,,
4000,500,D,1/23/2018,2/9/2018,1/3/2019,19,31,NA,250000,130,145,NA,1375000,,,
4000,500,E,1/23/2018,2/9/2018,1/12/2019,0,0,0,0,74,98,89,870000,,,
4000,500,F,1/23/2018,2/9/2018,1/14/2019,0,0,0,0,79,53,63,650000,,,
4000,500,G,1/23/2018,2/10/2018,11/12/2018,1,7,29,123333,76,79,136,970000,,,
4000,500,H,1/23/2018,2/10/2018,11/26/2019,0,0,0,0,101,84,83,893333,,,
4000,500,I,1/23/2018,2/10/2018,1/12/2018,0,0,0,0,108,107,124,1130000,,,
4000,500,J,1/23/2018,3/6/2018,12/3/2018,28,25,27,266667,0,0,0,0,,,
4000,1000,A,1/23/2018,2/8/2018,11/9/2018,0,0,0,0,55,50,48,510000,,,
4000,1000,B,1/23/2018,2/9/2018,12/13/2018,0,0,0,0,106,95,125,1086667,,,
4000,1000,C,1/23/2018,2/10/2018,11/13/2018,0,0,0,0,93,98,212,1343333,,,
4000,1000,D,1/23/2018,2/10/2018,11/30/2018,89,72,69,766667,131,121,144,1320000,,,
4000,1000,E,1/23/2018,2/10/2018,1/12/2018,0,0,0,0,79,107,77,876667,,,
4000,1000,F,1/23/2018,2/10/2018,1/14/2018,12,11,na,115000,106,116,na,1110000,,,
4000,1000,G,1/23/2018,2/10/2018,1/14/2018,0,0,0,0,120,104,118,1140000,,,
4000,1000,H,1/23/2018,2/12/2018,11/30/2018,0,0,0,0,76,66,71,710000,,,
4000,1000,I,1/23/2018,2/14/2018,NA,NA,NA,NA,NA,NA,NA,NA,NA,,,
4000,1000,J,1/23/2018,2/19/2018,1/1/2019,77,73,88,793333,0,0,0,0,,,
4000,2000,A,1/23/2018,2/6/2018,4/11/2018,0,0,0,0,88,53,84,750000,,,
4000,2000,B,1/23/2018,2/6/2018,Missing,Missing,Missing,Missing,Missing,Missing,Missing,Missing,Missing,,,
4000,2000,C,1/23/2018,2/9/2018,7/27/2018,0,0,0,0,71,61,76,693333,,,
4000,2000,D,1/23/2018,2/9/2018,12/13/2019,3,0,6,30000,99,103,125,1090000,,,
4000,2000,E,1/23/2018,2/10/2018,11/16/2018,42,54,35,436667,97,94,93,946667,,,
4000,2000,F,1/23/2018,2/10/2018,1/12/2018,22,24,18,213333,101,87,74,873333,,,
4000,2000,G,1/23/2018,2/12/2018,11/15/2018,44,30,30,346667,90,83,104,923333,,,
4000,2000,H,1/23/2018,2/12/2018,1/17/2019,0,0,0,0,88,76,75,796667,,,
4000,2000,I,1/23/2018,2/25/2018,12/18/2018,9,16,15,133333,0,0,0,0,,,
4000,2000,J,1/23/2018,2/20/2018,12/21/2018,40,35,53,426667,0,0,0,0,,,
8000,0,A,1/23/2018,1/25/2018,NA,NA,NA,NA,NA,NA,NA,NA,NA,,,
8000,0,B,1/23/2018,2/12/2018,11/16/2018,2,0,0,6667,9,0,0,30000,,,
8000,0,C,1/23/2018,2/25/2018,12/13/2018,7,4,11,73333,0,0,0,0,,,
8000,0,D,1/23/2018,3/26/2018,12/13/2018,332,284,242,2860000,0,0,0,0,,,
8000,0,E,1/23/2018,2/19/2018,12/18/2018,100,98,75,910000,0,0,0,0,,,
8000,0,F,1/23/2018,NA,NA,NA,NA,NA,NA,NA,NA,NA,NA,,,
8000,0,G,1/23/2018,NA,NA,NA,NA,NA,NA,NA,NA,NA,NA,,,
8000,0,H,1/23/2018,NA,NA,NA,NA,NA,NA,NA,NA,NA,NA,,,
8000,0,I,1/23/2018,missing,,,,,,,,,,,,
8000,0,J,1/23/2018,missing,,,,,,,,,,,,
8000,5,A,1/23/2018,2/17/2018,11/12/2019,290,302,298,2966667,0,0,0,0,,,
8000,5,B,1/23/2018,2/17/2018,12/3/2018,25,12,27,213333,0,0,0,0,,,
8000,5,C,1/23/2018,2/20/2018,12/3/2018,1,0,0,3333,0,0,0,0,,,
8000,5,D,1/23/2018,2/25/2018,12/3/2018,6,12,10,93333,0,0,0,0,,,
8000,5,E,1/23/2018,3/12/2018,12/6/2018,0,0,0,0,0,0,0,0,,,
8000,5,F,1/23/2018,3/12/2018,12/13/2018,30,34,42,353333,0,0,0,0,,,
8000,5,G,1/23/2018,2/25/2018,12/18/2019,0,0,0,0,0,0,0,0,,,
8000,5,H,1/23/2018,2/19/2018,1/1/2019,10,9,14,110000,0,0,0,0,,,
8000,5,I,1/23/2018,NA,NA,NA,NA,NA,NA,NA,NA,NA,NA,,,
8000,5,J,1/23/2018,NA,NA,NA,NA,NA,NA,NA,NA,NA,NA,,,
8000,50,A,1/23/2018,1/30/2018,NA,NA,NA,NA,NA,NA,NA,NA,NA,,,
8000,50,B,1/23/2018,2/10/2018,7/17/2018,0,0,0,0,250,136,121,1690000,,,
8000,50,C,1/23/2018,2/16/2018,11/28/2018,110,88,116,1046667,0,0,0,0,,,
8000,50,D,1/23/2018,2/17/2018,11/28/2018,225,282,227,2446667,0,0,0,0,,,
8000,50,E,1/23/2018,3/21/2018,11/30/2018,201,203,198,2006667,0,0,0,0,,,
8000,50,F,1/23/2018,3/21/2018,12/4/2018,38,37,57,440000,0,0,0,0,,,
8000,50,G,1/23/2018,NA,NA,NA,NA,NA,NA,NA,NA,NA,NA,,,
8000,50,H,1/23/2018,NA,NA,NA,NA,NA,NA,NA,NA,NA,NA,,,
8000,50,I,1/23/2018,NA,NA,NA,NA,NA,NA,NA,NA,NA,NA,,,
8000,50,J,1/23/2018,NA,NA,NA,NA,NA,NA,NA,NA,NA,NA,,,
8000,250,A,1/23/2018,1/30/2018,NA,NA,NA,NA,NA,NA,NA,NA,NA,,,
8000,250,B,1/23/2018,2/7/2018,NA,NA,NA,NA,NA,NA,NA,NA,NA,,,
8000,250,C,1/23/2018,2/5/2018,NA,NA,NA,NA,NA,NA,NA,NA,NA,,,
8000,250,D,1/23/2018,2/5/2018,4/11/2018,0,0,0,0,53,56,59,560000,,,
8000,250,E,1/23/2018,2/9/2018,12/18/2018,0,0,0,0,67,56,41,546667,,,
8000,250,F,1/23/2018,2/10/2018,11/9/2018,0,0,0,0,57,78,83,726667,,,
8000,250,G,1/23/2018,2/15/2018,7/27/2018,63,58,88,696667,1,0,1,6667,,,
8000,250,H,1/23/2018,2/17/2018,11/15/2019,29,42,35,353333,0,0,0,0,,,
8000,250,I,1/23/2018,3/1/2018,1/1/2019,222,230,246,2326667,0,0,0,0,,,
8000,250,J,1/23/2018,3/21/2018,missing,missing,missing,missing,missing,missing,missing,missing,missing,,,
8000,500,A,1/23/2018,2/2/2018,3/28/2018,0,0,0,0,11,8,11,100000,,,
8000,500,B,1/23/2018,2/5/2018,4/10/2018,0,0,0,0,49,59,59,556667,,all counts from 4/10/18 used 7.97 uL sample volume instead of the usual 10 uL,
8000,500,C,1/23/2018,2/7/2018,4/26/2018,missing,missing,missing,missing,missing,missing,missing,missing,,Hardcopy missing?,
8000,500,D,1/23/2018,2/6/2018,4/11/2018,0,0,0,0,74,79,85,793333,,,
8000,500,E,1/23/2018,2/9/2018,5/4/2018,0,0,0,0,94,79,93,886667,,,
8000,500,F,1/23/2018,2/9/2018,7/17/2018,105,81,82,893333,92,85,168,1150000,,,
8000,500,G,1/23/2018,2/9/2018,11/12/2018,2,4,1,23333,113,101,112,1086667,,,
8000,500,H,1/23/2018,2/9/2018,12/17/2018,0,0,0,0,53,55,63,570000,,,
8000,500,I,1/23/2018,2/12/2018,,NA,NA,NA,NA,NA,NA,NA,NA,,,
8000,500,J,1/23/2018,2/15/2018,7/25/2018,147,124,160,1436667,0,0,0,0,,,
8000,1000,A,1/23/2018,2/5/2018,4/26/2018,0,0,0,0,94,103,107,1013333,,Hardcopy missing?,
8000,1000,B,1/23/2018,2/6/2018,4/11/2018,0,0,0,0,75,62,89,753333,,,
8000,1000,C,1/23/2018,2/7/2018,4/26/2018,0,0,0,0,54,56,67,590000,,,
8000,1000,D,1/23/2018,2/9/2018,1/14/2018,0,0,0,0,45,59,69,576667,,,
8000,1000,E,1/23/2018,2/10/2018,missing,missing,missing,missing,missing,missing,missing,missing,missing,,lost cadaver,
8000,1000,F,1/23/2018,2/14/2018,7/25/2018,186,164,176,1753333,0,0,0,0,,,
8000,1000,G,1/23/2018,2/17/2018,7./25/18,104,101,83,960000,0,0,0,0,,,
8000,1000,H,1/23/2018,2/17/2018,12/21/2018,2,1,2,16667,0,0,0,0,,,
8000,1000,I,1/23/2018,NA,NA,NA,NA,NA,NA,NA,NA,NA,NA,,,
8000,1000,J,1/23/2018,3/26/2018,missing,missing,missing,missing,missing,missing,missing,missing,missing,,,
8000,2000,A,1/23/2018,1/25/2018,NA,NA,NA,NA,NA,NA,NA,NA,NA,,,
8000,2000,B,1/23/2018,2/2/2018,3/28/2018,0,0,0,0,34,24,23,270000,,,
8000,2000,C,1/23/2018,2/8/2018,4/27/2018,0,0,0,0,63,69,61,643333,,,
8000,2000,D,1/23/2018,2/9/2018,11/12/2019,3,3,11,56667,101,97,104,1006667,,,
8000,2000,E,1/23/2018,2/10/2018,5/4/2018,0,0,0,0,128,83,66,923333,,,
8000,2000,F,1/23/2018,2/10/2018,missing,missing,missing,missing,missing,missing,missing,missing,missing,,,
8000,2000,G,1/23/2018,2/19/2018,12/6/2018,12,17,10,130000,0,0,0,0,,,
8000,2000,H,1/23/2018,3/21/2018,11/30/2018,5,7,4,53333,0,0,0,0,,,
8000,2000,I,1/23/2018,2/19/2018,12/4/2018,33,28,35,320000,0,0,0,0,,,
8000,2000,J,1/23/2018,NA,NA,NA,NA,NA,NA,NA,NA,NA,NA,,,
,,,,,,,,,,,,,,,,
,,,,,,,,,,,,,,,,
,,,,,,,,,,,,,,,,
,,,,,,,,,,,,,,,,
,,,,,,,,,,,,,,,,
,,,,,,,,,,,,,,,,
,,,,,,,,,,,,,,,,
,,,,,,,,,,,,,,,,
,,,,,,,,,,,,,,,,
,,,,,,,,,,,,,,,,
,,,,,,,,,,,,,,,,
,,,,,,,,,,,,,,,,
,,,,,,,,,,,,,,,,
,,,,,,,,,,,,,,,,
,,,,,,,,,,,,,,,,
,,,,,,,,,,,,,,,,
,,,,,,,,,,,,,,,,
,,,,,,,,,,,,,,,,
,,,,,,,,,,,,,,,,
,,,,,,,,,,,,,,,,
,,,,,,,,,,,,,,,,
,,,,,,,,,,,,,,,,
,,,,,,,,,,,,,,,,
,,,,,,,,,,,,,,,,
,,,,,,,,,,,,,,,,
,,,,,,,,,,,,,,,,
,,,,,,,,,,,,,,,,
,,,,,,,,,,,,,,,,
,,,,,,,,,,,,,,,,
,,,,,,,,,,,,,,,,
,,,,,,,,,,,,,,,,
,,,,,,,,,,,,,,,,
,,,,,,,,,,,,,,,,
,,,,,,,,,,,,,,,,
,,,,,,,,,,,,,,,,
,,,,,,,,,,,,,,,,
,,,,,,,,,,,,,,,,
,,,,,,,,,,,,,,,,
,,,,,,,,,,,,,,,,
,,,,,,,,,,,,,,,,
,,,,,,,,,,,,,,,,
,,,,,,,,,,,,,,,,
,,,,,,,,,,,,,,,,
,,,,,,,,,,,,,,,,
,,,,,,,,,,,,,,,,
,,,,,,,,,,,,,,,,
,,,,,,,,,,,,,,,,
,,,,,,,,,,,,,,,,
,,,,,,,,,,,,,,,,
,,,,,,,,,,,,,,,,
,,,,,,,,,,,,,,,,
,,,,,,,,,,,,,,,,
,,,,,,,,,,,,,,,,
,,,,,,,,,,,,,,,,
,,,,,,,,,,,,,,,,
,,,,,,,,,,,,,,,,
,,,,,,,,,,,,,,,,
,,,,,,,,,,,,,,,,
,,,,,,,,,,,,,,,,
,,,,,,,,,,,,,,,,
,,,,,,,,,,,,,,,,
,,,,,,,,,,,,,,,,
,,,,,,,,,,,,,,,,
,,,,,,,,,,,,,,,,
,,,,,,,,,,,,,,,,
,,,,,,,,,,,,,,,,
,,,,,,,,,,,,,,,,
,,,,,,,,,,,,,,,,
,,,,,,,,,,,,,,,,
,,,,,,,,,,,,,,,,
,,,,,,,,,,,,,,,,
,,,,,,,,,,,,,,,,
,,,,,,,,,,,,,,,,
,,,,,,,,,,,,,,,,
,,,,,,,,,,,,,,,,
,,,,,,,,,,,,,,,,
,,,,,,,,,,,,,,,,
,,,,,,,,,,,,,,,,
,,,,,,,,,,,,,,,,
,,,,,,,,,,,,,,,,
,,,,,,,,,,,,,,,,
,,,,,,,,,,,,,,,,
,,,,,,,,,,,,,,,,
,,,,,,,,,,,,,,,,
,,,,,,,,,,,,,,,,
,,,,,,,,,,,,,,,,
,,,,,,,,,,,,,,,,
,,,,,,,,,,,,,,,,
,,,,,,,,,,,,,,,,
,,,,,,,,,,,,,,,,
,,,,,,,,,,,,,,,,
,,,,,,,,,,,,,,,,
,,,,,,,,,,,,,,,,
,,,,,,,,,,,,,,,,
,,,,,,,,,,,,,,,,
,,,,,,,,,,,,,,,,
,,,,,,,,,,,,,,,,
,,,,,,,,,,,,,,,,
,,,,,,,,,,,,,,,,
,,,,,,,,,,,,,,,,
,,,,,,,,,,,,,,,,
,,,,,,,,,,,,,,,,
,,,,,,,,,,,,,,,,
,,,,,,,,,,,,,,,,
,,,,,,,,,,,,,,,,
,,,,,,,,,,,,,,,,
,,,,,,,,,,,,,,,,
,,,,,,,,,,,,,,,,
,,,,,,,,,,,,,,,,
,,,,,,,,,,,,,,,,
,,,,,,,,,,,,,,,,
,,,,,,,,,,,,,,,,
,,,,,,,,,,,,,,,,
,,,,,,,,,,,,,,,,
,,,,,,,,,,,,,,,,
,,,,,,,,,,,,,,,,
,,,,,,,,,,,,,,,,
,,,,,,,,,,,,,,,,
,,,,,,,,,,,,,,,,
,,,,,,,,,,,,,,,,
,,,,,,,,,,,,,,,,
,,,,,,,,,,,,,,,,
,,,,,,,,,,,,,,,,
,,,,,,,,,,,,,,,,
,,,,,,,,,,,,,,,,
,,,,,,,,,,,,,,,,
,,,,,,,,,,,,,,,,
,,,,,,,,,,,,,,,,
,,,,,,,,,,,,,,,,
,,,,,,,,,,,,,,,,
,,,,,,,,,,,,,,,,
,,,,,,,,,,,,,,,,
,,,,,,,,,,,,,,,,
,,,,,,,,,,,,,,,,
,,,,,,,,,,,,,,,,
,,,,,,,,,,,,,,,,
,,,,,,,,,,,,,,,,
,,,,,,,,,,,,,,,,
,,,,,,,,,,,,,,,,
,,,,,,,,,,,,,,,,
,,,,,,,,,,,,,,,,
,,,,,,,,,,,,,,,,
,,,,,,,,,,,,,,,,
,,,,,,,,,,,,,,,,
,,,,,,,,,,,,,,,,
,,,,,,,,,,,,,,,,
,,,,,,,,,,,,,,,,
,,,,,,,,,,,,,,,,
,,,,,,,,,,,,,,,,
,,,,,,,,,,,,,,,,
,,,,,,,,,,,,,,,,
,,,,,,,,,,,,,,,,
,,,,,,,,,,,,,,,,
,,,,,,,,,,,,,,,,
,,,,,,,,,,,,,,,,
,,,,,,,,,,,,,,,,
,,,,,,,,,,,,,,,,
,,,,,,,,,,,,,,,,
,,,,,,,,,,,,,,,,
,,,,,,,,,,,,,,,,
,,,,,,,,,,,,,,,,
,,,,,,,,,,,,,,,,
,,,,,,,,,,,,,,,,
,,,,,,,,,,,,,,,,
,,,,,,,,,,,,,,,,
,,,,,,,,,,,,,,,,
,,,,,,,,,,,,,,,,
,,,,,,,,,,,,,,,,
,,,,,,,,,,,,,,,,
,,,,,,,,,,,,,,,,
,,,,,,,,,,,,,,,,
,,,,,,,,,,,,,,,,
,,,,,,,,,,,,,,,,
,,,,,,,,,,,,,,,,
,,,,,,,,,,,,,,,,
,,,,,,,,,,,,,,,,
,,,,,,,,,,,,,,,,
,,,,,,,,,,,,,,,,
,,,,,,,,,,,,,,,,
,,,,,,,,,,,,,,,,
,,,,,,,,,,,,,,,,
,,,,,,,,,,,,,,,,
,,,,,,,,,,,,,,,,
,,,,,,,,,,,,,,,,
,,,,,,,,,,,,,,,,
,,,,,,,,,,,,,,,,
,,,,,,,,,,,,,,,,
,,,,,,,,,,,,,,,,
,,,,,,,,,,,,,,,,
,,,,,,,,,,,,,,,,
